condition,mean_PRES,mean_DIV,mean_DINO,mean_CLIP_I,mean_CLIP_T
no_ppl,0.31635994733487427,0.5783493318905433,0.6933582087357839,0.8042708039283752,0.2006496841708819
ppl,0.2880999726346797,0.6358196862662832,0.5559841599957697,0.7519145237988439,0.20117960048132927
